risus.morbi@laposte.net;Password;Riviere;Romain;1;rriviere;201583083
sagittis.placerat@aliquam.co.uk;Password;Bailly;Lilou;1;lbailly;700966695
mauris.morbi@lorem.co.uk;Password;Muller;Alexandre;1;amuller;167413271
laplusbelledu62g@gmail.com;Password;Lefebvre;Élisa;1;elefebvre;710601863
aliquam.adipiscing@fringilla.net;Password;Andre;Maëlle;1;mandre;296292567
interdum.feugiat@a.edu;Password;Lemaire;Enzo;1;elemaire;395027964
tempus.mauris@nonloremvitae.net;Password;Perez;Bienvenue;1;bperez;735753221
tristique.ac@sedmalesuadaaugue.com;Password;Dumont;Emma;1;edumont;373682901
fringilla.ornare.placerat@odioetiam.edu;Password;Riviere;Alice;1;ariviere;962347562
facilisi.sed.neque@eteuismodet.ca;Password;Boucher;Noë;1;nboucher;527427380
felis.nulla@ligulaaeneangravida.net;Password;Masson;Aaron;1;amasson;325055764
serguei@nazdorovie.ru;Password;Nazdorovie;Sergueï;1;snazdorovie;925855798
dolor.sit.amet@seddiam.net;Password;Lemoine;Yasmine;1;ylemoine;857714507
molestie.in@accumsannequeet.edu;Password;Lopez;Marion;1;mlopez;698455911
consectetuer.adipiscing@risusduisa.co.uk;Password;Blanchard;Émilie;1;eblanchard;471496791
cursus.in@ultriciessem.ca;Password;Guillot;Loevan;1;lguillot;314644035
ut@sollicitudinadipiscing.co.uk;Password;Lefevre;Clémence;1;clefevre;457752971
fusce.fermentum.fermentum@adipiscingfringillaporttitor.co.uk;Password;Bouvier;Clara;1;cbouvier;432914963
elementum@atfringillapurus.edu;Password;Blanchard;Adam;1;ablanchard;139672737
